NID,CCN,REPORTDATETIME,SHIFT,OFFENSE,METHOD,LASTMODIFIEDDATE,BLOCKSITEADDRESS,LATITUDE,LONGITUDE,CITY,STATE,WARD,ANC,SMD,DISTRICT,PSA,NEIGHBORHOODCLUSTER,HOTSPOT2006NAME,HOTSPOT2005NAME,HOTSPOT2004NAME,BUSINESSIMPROVEMENTDISTRICT
1000001,11067390,5/15/2011 12:00:00 AM,UNK,THEFT,1,5/16/2011 2:02:23 PM,400 B/O EMERSON ST NW,38.94998273579670,-77.01854312193820,WASHINGTON,DC,4,4D,4D03,FOURTH,403,18,NONE,NONE,NONE,NONE
1000002,11067333,5/15/2011 12:00:00 AM,UNK,THEFT F/AUTO,2,5/16/2011 2:02:24 PM,5600 B/O NANNIE HELEN BURROUGHS AVE NE,38.89860624710090,-76.91983450299550,WASHINGTON,DC,7,7C,7C06,SIXTH,602,31,NONE,NONE,NONE,NONE
1000003,11067387,5/15/2011 12:00:00 AM,UNK,BURGLARY,2,5/16/2011 2:02:24 PM,2600 B/O WADE RD SE,38.85944990891080,-76.99681887425750,WASHINGTON,DC,8,8C,8C02,SEVENTH,703,37,NONE,NONE,NONE,NONE
1000010,11067388,5/15/2011 12:00:00 AM,UNK,STOLEN AUTO,STOLEN AUTO,5/16/2011 2:02:24 PM,2500 B/O 14TH ST NE,38.92326170964860,-76.98641247593660,WASHINGTON,DC,5,5B,5B01,FIFTH,505,22,NONE,NONE,NONE,NONE
1000028,11067381,5/15/2011 12:00:00 AM,UNK,THEFT F/AUTO,2,5/16/2011 2:02:24 PM,3100 B/O 13TH ST NW,38.92914608018320,-77.02970768257410,WASHINGTON,DC,1,1A,1A06,THIRD,302,2,NONE,NONE,NONE,NONE
1000030,11067401,5/15/2011 12:00:00 AM,UNK,THEFT,1,5/16/2011 2:02:24 PM,6100 B/O BROAD BRANCH RD NW,38.97186129837180,-77.07169292935750,WASHINGTON,DC,4,3G,3G04,SECOND,201,10,NONE,NONE,NONE,NONE
1000034,11067414,5/15/2011 12:00:00 AM,UNK,STOLEN AUTO,STOLEN AUTO,5/16/2011 2:02:24 PM,5300 B/O GAY ST NE,38.89899681531740,-76.92387355957730,WASHINGTON,DC,7,7C,7C06,SIXTH,602,31,NONE,NONE,NONE,NONE
1000042,11067431,5/15/2011 12:00:00 AM,UNK,STOLEN AUTO,STOLEN AUTO,5/16/2011 2:02:24 PM,3200 B/O BROTHERS PL SE,38.84365343265750,-77.00122678351720,WASHINGTON,DC,8,8C,8C03,SEVENTH,705,39,NONE,NONE,NONE,NONE
1000052,11067436,5/15/2011 12:00:00 AM,UNK,SEX ABUSE,CHILD 2ND,5/16/2011 2:02:24 PM,2100 B/O RIDGECREST CT SE,39.08181604681790,-76.97343358250020,WASHINGTON,DC,8,8B,8B05,SEVENTH,704,38,NONE,NONE,NONE,NONE
1000055,11067433,5/15/2011 12:00:00 AM,UNK,THEFT,2,5/16/2011 2:02:24 PM,900 B/O 6TH ST SW,38.87884820022640,-77.01989212294740,WASHINGTON,DC,6,6D,6D01,FIRST,104,9,NONE,NONE,NONE,NONE
1000059,11067447,5/15/2011 12:00:00 AM,UNK,ADW,OTHER,5/16/2011 2:02:24 PM,3100 B/O G ST SE,38.88026049588670,-76.96231323689730,WASHINGTON,DC,7,7A,7A07,SIXTH,605,34,NONE,NONE,NONE,NONE
1000063,11067463,5/15/2011 12:00:00 AM,UNK,STOLEN AUTO,STOLEN AUTO,5/16/2011 2:02:24 PM,UNIT B/O 10TH ST NE,38.89036293859050,-76.99263563248750,WASHINGTON,DC,6,6A,6A03,FIRST,103,26,NONE,NONE,NONE,NONE
1000064,11067460,5/15/2011 12:00:00 AM,UNK,THEFT F/AUTO,2,5/16/2011 2:02:24 PM,5000 B/O LINNEAN AVE NW,38.95489756607930,-77.063529971262,WASHINGTON,DC,3,3F,3F03,SECOND,203,12,NONE,NONE,NONE,NONE
1000072,11067482,5/15/2011 12:00:00 AM,UNK,THEFT,2,5/16/2011 2:02:24 PM,3200 B/O Q ST NW,38.91039894397610,-77.06437128980260,WASHINGTON,DC,2,2E,2E02,SECOND,206,4,NONE,NONE,NONE,NONE
1000074,11067477,5/15/2011 12:00:00 AM,UNK,THEFT F/AUTO,2,5/16/2011 2:02:24 PM,18TH ST NW & P ST NW,38.90964347984080,-77.04167068510130,WASHINGTON,DC,2,2B,2B07,SECOND,208,6,NONE,NONE,NONE,NONE
1000076,11067475,5/15/2011 12:00:00 AM,UNK,THEFT,2,5/16/2011 2:02:24 PM,DUPONT CIR NW & NEW HAMPSHIRE AVE NW,38.90914579328160,-77.04390967299750,WASHINGTON,DC,2,2B,2B02,SECOND,208,6,NONE,NONE,NONE,NONE
1000078,11067485,5/15/2011 12:00:00 AM,UNK,THEFT F/AUTO,2,5/16/2011 2:02:24 PM,1900 B/O T ST NW,38.91557443040720,-77.04374715633570,WASHINGTON,DC,2,2B,2B01,SECOND,208,6,NONE,NONE,NONE,NONE
1000079,11067478,5/15/2011 12:00:00 AM,UNK,THEFT,2,5/16/2011 2:02:24 PM,4500 B/O 40TH ST NW,38.94984269264520,-77.07874106816130,WASHINGTON,DC,3,3F,3F06,SECOND,202,11,NONE,NONE,NONE,NONE
1000081,11067451,5/15/2011 12:00:00 AM,UNK,BURGLARY,2,5/16/2011 2:02:24 PM,2600 B/O REED ST NE,38.92362723129020,-76.99385574376630,WASHINGTON,DC,5,5B,5B04,FIFTH,502,21,NONE,NONE,NONE,NONE
1000085,11067486,5/15/2011 12:00:00 AM,UNK,THEFT,2,5/16/2011 2:02:24 PM,300 B/O VIRGINIA AVE SE,38.879959383284,-77.001276965019,WASHINGTON,DC,6,6D,6D07,FIRST,105,27,NONE,NONE,NONE,CAPITOL RIVERFRONT BID
100009318,11066582,5/13/2011 12:00:00 AM,MID,HOMICIDE,GUN,5/16/2011 2:02:24 PM,1200 B/O 18TH PL NE,38.90613641174740,-76.97717581710090,WASHINGTON,DC,5,5B,5B10,FIFTH,504,23,NONE,NONE,NONE,NONE
100009319,11066742,5/14/2011 12:00:00 AM,MID,HOMICIDE,GUN,5/16/2011 2:02:24 PM,3700 B/O JAY ST NE,38.904220644930,-76.947488277414,WASHINGTON,DC,7,7D,7D02,SIXTH,601,30,NONE,NONE,NONE,NONE
100009320,,5/12/2011 12:00:00 AM,DAY,HOMICIDE,OTHER,5/16/2011 2:02:24 PM,500 B/O ROCK CREEK & POTOMAC PKY NW,38.89510312931120,-77.05646301741470,,,NONE,NONE,NONE,NONE,NONE,NONE,NONE,NONE,NONE,NONE
1000109,11067523,5/15/2011 12:00:00 AM,UNK,THEFT,2,5/16/2011 2:02:24 PM,2400 B/O 18TH ST NW,38.921706336463,-77.04239169055730,WASHINGTON,DC,1,1C,1C07,THIRD,303,1,NONE,NONE,NONE,ADAMS MORGAN BID
1000117,11067520,5/15/2011 12:00:00 AM,UNK,ROBBERY,KNIFE,5/16/2011 2:02:24 PM,14TH ST NW & SPRING RD NW,38.93707861012480,-77.032730220259,WASHINGTON,DC,1,1A,1A07,THIRD,302,2,NONE,NONE,NONE,NONE
1000120,11067545,5/15/2011 12:00:00 AM,UNK,THEFT F/AUTO,2,5/16/2011 2:02:24 PM,3200 B/O M ST NW,38.90514353217070,-77.06426509161260,WASHINGTON,DC,2,2E,2E05,SECOND,206,4,NONE,NONE,NONE,GEORGETOWN BID
1000121,11067541,5/15/2011 12:00:00 AM,UNK,THEFT F/AUTO,2,5/16/2011 2:02:24 PM,7700 B/O 16TH ST NW,38.98490732026320,-77.03634121324720,WASHINGTON,DC,4,4A,4A01,FOURTH,401,16,NONE,NONE,NONE,NONE
1000125,11067548,5/15/2011 12:00:00 AM,UNK,THEFT,2,5/16/2011 2:02:24 PM,1000 B/O 18TH ST NE,38.90241430353290,-76.97806831166680,WASHINGTON,DC,5,5B,5B10,FIFTH,504,23,NONE,NONE,NONE,NONE
1000134,11067512,5/15/2011 12:00:00 AM,UNK,THEFT,2,5/16/2011 2:02:24 PM,700 B/O G ST SW,38.88127623208940,-77.02301612038370,WASHINGTON,DC,6,6D,6D01,FIRST,104,9,NONE,NONE,NONE,NONE
1000136,11067556,5/15/2011 12:00:00 AM,UNK,THEFT,2,5/16/2011 2:02:24 PM,700 B/O I ST SE,38.8793107025,-76.99558021991830,WASHINGTON,DC,6,6B,6B03,FIRST,106,26,NONE,NONE,NONE,CAPITOL HILL BID
1000141,11067558,5/15/2011 12:00:00 AM,UNK,THEFT,2,5/16/2011 2:02:24 PM,2300 B/O PITTS PL SE,38.85981058142090,-76.98558347079070,WASHINGTON,DC,8,8A,8A04,SEVENTH,701,28,NONE,NONE,NONE,NONE
1000160,11067581,5/15/2011 12:00:00 AM,UNK,THEFT,2,5/16/2011 2:02:24 PM,2900 B/O 2ND ST SE,38.84735683480950,-77.00550461265320,WASHINGTON,DC,8,8C,8C04,SEVENTH,705,39,NONE,NONE,NONE,NONE
1000162,11067476,5/15/2011 12:00:00 AM,UNK,THEFT,2,5/16/2011 2:02:24 PM,2200 B/O ONTARIO RD NW,38.91989571463770,-77.03967957972630,WASHINGTON,DC,1,1C,1C07,THIRD,303,1,NONE,NONE,NONE,NONE
1000171,11067582,5/15/2011 12:00:00 AM,UNK,BURGLARY,2,5/16/2011 2:02:24 PM,2000 B/O MARYLAND AVE NE,-72.61009015371240,48.20284407882880,WASHINGTON,DC,5,5B,5B11,FIFTH,504,23,NONE,NONE,NONE,NONE
1000175,11067593,5/15/2011 12:00:00 AM,UNK,STOLEN AUTO,STOLEN AUTO,5/16/2011 2:02:24 PM,1ST ST NW & K ST NW,38.90251671186690,-77.01217108834570,WASHINGTON,DC,6,6C,6C02,FIRST,101,8,NONE,NONE,NONE,NONE
1000188,11067610,5/15/2011 12:00:00 AM,UNK,THEFT,2,5/16/2011 2:02:24 PM,3800 B/O GEORGIA AVE NW,38.93814867631060,-77.02458332862790,WASHINGTON,DC,4,4C,4C08,FOURTH,404,18,NONE,NONE,NONE,NONE
1000195,11067616,5/15/2011 12:00:00 AM,UNK,THEFT F/AUTO,1,5/16/2011 2:02:24 PM,3100 B/O HIATT PL NW,38.92986295981160,-77.03475620107450,WASHINGTON,DC,1,1A,1A05,THIRD,302,2,NONE,NONE,NONE,NONE
1000201,11067606,5/15/2011 12:00:00 AM,UNK,THEFT,1,5/16/2011 2:02:24 PM,1700 B/O LANIER PL NW,38.92496139117750,-77.04142030544560,WASHINGTON,DC,1,1C,1C05,THIRD,303,1,NONE,NONE,NONE,NONE
984275,11047917,4/9/2011 12:00:00 AM,UNK,ADW,OTHER,5/16/2011 2:02:21 PM,GALLATIN ST NE & SOUTH DAKOTA AVE NE,38.95199678837090,-76.99598595433070,WASHINGTON,DC,5,5A,5A03,FOURTH,405,20,NONE,NONE,NONE,NONE
985855,11049978,4/13/2011 12:00:00 AM,UNK,THEFT F/AUTO,2,5/16/2011 2:02:21 PM,3000 B/O M ST NW,38.905232240572,-77.06007782379260,WASHINGTON,DC,2,2E,2E06,SECOND,206,4,NONE,NONE,NONE,GEORGETOWN BID
985908,11050002,4/13/2011 12:00:00 AM,UNK,ROBBERY,GUN,5/16/2011 2:02:21 PM,3000 B/O STANTON RD SE,38.85391414177290,-76.98446426872640,WASHINGTON,DC,8,8A,8A07,SEVENTH,703,37,NONE,NONE,NONE,NONE
986026,11050244,4/13/2011 12:00:00 AM,UNK,THEFT,2,5/16/2011 2:02:21 PM,200 B/O SAVANNAH ST SE,38.84152405323260,-77.00182802570310,WASHINGTON,DC,8,8C,8C04,SEVENTH,705,39,NONE,NONE,NONE,NONE
986251,11050468,4/14/2011 12:00:00 AM,UNK,THEFT,1,5/16/2011 2:02:21 PM,2600 B/O CHAIN BRIDGE RD NW,38.92748529866190,-77.09545132399780,WASHINGTON,DC,3,3D,3D05,SECOND,205,13,NONE,NONE,NONE,NONE
986919,11051341,4/15/2011 12:00:00 AM,UNK,BURGLARY,2,5/16/2011 2:02:21 PM,1600 B/O V ST SE,38.86425378913930,-76.98124222204380,WASHINGTON,DC,8,8A,8A04,SEVENTH,701,28,NONE,NONE,NONE,NONE
987732,11051489,4/17/2011 12:00:00 AM,UNK,THEFT,TAGS,5/16/2011 2:02:21 PM,100 B/O RITTENHOUSE ST NW,38.96495424024890,-77.01289485736470,WASHINGTON,DC,4,4B,4B06,FOURTH,402,17,NONE,NONE,NONE,NONE
987826,11052470,4/17/2011 12:00:00 AM,UNK,BURGLARY,2,5/16/2011 2:02:21 PM,700 B/O MASSACHUSETTS AVE NE,38.89211691712610,-76.99592343304530,WASHINGTON,DC,6,6C,6C07,FIRST,102,26,NONE,NONE,NONE,NONE
989900,11055011,4/22/2011 12:00:00 AM,UNK,THEFT,1,5/16/2011 2:02:21 PM,1700 B/O CHURCH ST NW,38.91038849199930,-77.04007819645570,WASHINGTON,DC,2,2B,2B07,SECOND,208,6,NONE,NONE,NONE,NONE
990411,11055633,4/23/2011 12:00:00 AM,UNK,THEFT,2,5/16/2011 2:02:21 PM,JENIFER ST NW & WESTERN AVE NW,38.95936191086920,-77.08758340927030,,,3,3E,3E03,SECOND,202,11,NONE,NONE,NONE,NONE
991348,11056626,4/25/2011 12:00:00 AM,UNK,STOLEN AUTO,STOLEN AUTO,5/16/2011 2:02:21 PM,700 B/O MALCOLM X AVE SE,38.84509279574740,-76.995311634192,WASHINGTON,DC,8,8C,8C03,SEVENTH,705,39,NONE,NONE,NONE,NONE
991401,11056771,4/26/2011 12:00:00 AM,UNK,THEFT F/AUTO,2,5/16/2011 2:02:21 PM,3500 B/O 10TH ST NW,38.93372034241570,-77.02734807455630,WASHINGTON,DC,1,1A,1A07,THIRD,302,2,NONE,NONE,NONE,NONE
993485,11059443,4/30/2011 12:00:00 AM,UNK,BURGLARY,2,5/16/2011 2:02:21 PM,5000 B/O 1ST ST NW,38.95158060557920,-77.011831797925,WASHINGTON,DC,4,4D,4D05,FOURTH,403,19,NONE,NONE,NONE,NONE
993900,11059964,5/1/2011 12:00:00 AM,UNK,THEFT,2,5/16/2011 2:02:21 PM,1600 B/O WEST VIRGINIA AVE NE,38.90859635971980,-76.98785704394920,WASHINGTON,DC,5,5B,5B05,FIFTH,504,23,NONE,NONE,WEST VIRGINIA AVE NE,NONE
994468,11060635,5/3/2011 12:00:00 AM,UNK,ADW,KNIFE,5/16/2011 2:02:21 PM,1400 B/O SPRING RD NW,38.93739605776830,-77.03431782359460,WASHINGTON,DC,1,1A,1A01,THIRD,302,2,NONE,NONE,NONE,NONE
996529,11063103,5/7/2011 12:00:00 AM,UNK,THEFT F/AUTO,2,5/16/2011 2:02:21 PM,16TH ST NW & KENNEDY ST NW,38.95621228656180,-77.03639803794850,,,4,4A,4A07,FOURTH,403,18,NONE,NONE,NONE,NONE
996781,11063403,5/8/2011 12:00:00 AM,UNK,ROBBERY,F&V,5/16/2011 2:02:21 PM,1700 B/O COLUMBIA RD NW,38.92381838736710,-77.04098949627730,WASHINGTON,DC,1,1C,1C05,THIRD,303,1,NONE,NONE,NONE,ADAMS MORGAN BID
997054,11063332,5/8/2011 12:00:00 AM,UNK,BURGLARY,2,5/16/2011 2:02:21 PM,1300 B/O Q ST NW,38.91112743105680,-77.03142427153790,WASHINGTON,DC,2,2F,2F01,THIRD,307,7,NONE,NONE,NONE,NONE
997232,11063964,5/9/2011 12:00:00 AM,UNK,THEFT,2,5/16/2011 2:02:21 PM,700 B/O 13TH ST NW,38.89906093463650,-77.02962202257720,WASHINGTON,DC,2,2F,2F03,FIRST,101,8,NONE,NONE,NONE,DOWNTOWN BID
997442,11064233,5/9/2011 12:00:00 AM,UNK,ROBBERY,F&V,5/16/2011 2:02:21 PM,MONTANA AVE NE & NEW YORK AVE NE,38.91721727872010,-76.97852793448410,WASHINGTON,DC,5,5B,5B09,FIFTH,505,22,NONE,NONE,NONE,NONE
997587,11064030,5/9/2011 12:00:00 AM,UNK,THEFT,2,5/16/2011 2:02:21 PM,800 B/O 48TH PL NE,38.90060235099730,-76.93271260644220,WASHINGTON,DC,7,7C,7C04,SIXTH,602,31,NONE,NONE,NONE,NONE
997687,11064521,5/10/2011 12:00:00 AM,UNK,ADW,GUN,5/16/2011 2:02:21 PM,2300 B/O 11TH ST NW,38.92159578842410,-77.02703639374930,WASHINGTON,DC,1,1B,1B03,THIRD,304,2,NONE,NONE,NONE,NONE
997771,11064576,5/10/2011 12:00:00 AM,UNK,BURGLARY,2,5/16/2011 2:02:21 PM,800 B/O 49TH ST NE,38.900619760871,-76.93166711766040,WASHINGTON,DC,7,7C,7C01,SIXTH,602,31,NONE,NONE,NONE,NONE
997827,11064687,5/10/2011 12:00:00 AM,UNK,THEFT,2,5/16/2011 2:02:21 PM,1100 B/O VERMONT AVE NW,38.90452652080240,-77.03261388671360,WASHINGTON,DC,2,2F,2F03,THIRD,307,8,NONE,NONE,NONE,DOWNTOWN BID
997944,11064778,5/10/2011 12:00:00 AM,UNK,THEFT F/AUTO,2,5/16/2011 2:02:21 PM,1700 B/O JOHNSON AVE NW,38.91335240827110,-77.033248488749,WASHINGTON,DC,2,2F,2F01,THIRD,307,7,NONE,NONE,NONE,NONE
998042,11064969,5/11/2011 12:00:00 AM,UNK,ROBBERY,SNATCH,5/16/2011 2:02:21 PM,GEORGIA AVE NW & UPSHUR ST NW,38.94187291011570,-77.02551430200060,WASHINGTON,DC,4,4C,4C07,FOURTH,404,18,NONE,NONE,NONE,NONE
998055,11064990,5/11/2011 12:00:00 AM,UNK,THEFT F/AUTO,2,5/16/2011 2:02:21 PM,800 B/O MASSACHUSETTS AVE NE,38.89147936917490,-76.99436158590360,WASHINGTON,DC,6,6A,6A03,FIRST,102,26,NONE,NONE,NONE,NONE
998059,11063956,5/9/2011 12:00:00 AM,UNK,THEFT F/AUTO,2,5/16/2011 2:02:21 PM,2500 B/O RANDOLPH ST NE,38.93779540851830,-76.97064988135270,WASHINGTON,DC,5,5A,5A09,FIFTH,503,24,NONE,NONE,NONE,NONE
998099,11065039,5/11/2011 12:00:00 AM,UNK,STOLEN AUTO,STOLEN AUTO,5/16/2011 2:02:21 PM,3800 B/O JAY ST NE,38.90182115998120,-76.94540684581020,WASHINGTON,DC,7,7D,7D07,SIXTH,601,30,NONE,NONE,NONE,NONE
998220,11065152,5/11/2011 12:00:00 AM,UNK,THEFT F/AUTO,2,5/16/2011 2:02:21 PM,2500 B/O PORTER ST NW,38.93510490560540,-77.05424263502940,WASHINGTON,DC,3,3C,3C04,SECOND,204,15,NONE,NONE,NONE,NONE
998307,11065295,5/11/2011 12:00:00 AM,UNK,THEFT,2,5/16/2011 2:02:21 PM,1500 B/O 44TH ST NW,38.91015092030330,-77.08103996779250,WASHINGTON,DC,3,3D,3D09,SECOND,205,13,NONE,NONE,NONE,NONE
998441,11065489,5/12/2011 12:00:00 AM,UNK,THEFT F/AUTO,2,5/16/2011 2:02:21 PM,1900 B/O 8TH ST NW,38.91614141751910,-77.02294269284840,WASHINGTON,DC,1,1B,1B01,THIRD,305,3,NONE,NONE,NONE,NONE
998448,11065450,5/12/2011 12:00:00 AM,UNK,STOLEN AUTO,STOLEN AUTO,5/16/2011 2:02:21 PM,1300 B/O RHODE ISLAND AVE NW,38.90912991512910,-77.03111028890150,WASHINGTON,DC,2,2F,2F02,THIRD,307,7,NONE,NONE,NONE,NONE
998466,11065506,5/12/2011 12:00:00 AM,UNK,ADW,OTHER,5/16/2011 2:02:21 PM,1400 B/O CEDAR ST SE,38.86218133473050,-76.985736811753,WASHINGTON,DC,8,8A,8A05,SEVENTH,701,28,NONE,NONE,NONE,NONE
998487,11065496,5/12/2011 12:00:00 AM,UNK,SEX ABUSE,ADULT 1ST,5/16/2011 2:02:21 PM,2300 B/O 15TH ST NW,38.92096782834580,-77.035164119928,WASHINGTON,DC,1,1B,1B06,THIRD,304,2,NONE,NONE,14TH ST NW,NONE
998509,11065540,5/12/2011 12:00:00 AM,UNK,ROBBERY,F&V,5/16/2011 2:02:21 PM,BENNING RD SE & C ST SE,38.88654914376680,-76.93615967801910,WASHINGTON,DC,7,7E,7E04,SIXTH,604,33,NONE,NONE,NONE,NONE
998549,11065604,5/12/2011 12:00:00 AM,UNK,THEFT,2,5/16/2011 2:02:21 PM,400 B/O EVARTS ST NE,38.924508602458,-76.99950736075470,WASHINGTON,DC,5,5C,5C09,FIFTH,501,21,NONE,NONE,NONE,NONE
998550,11065610,5/12/2011 12:00:00 AM,UNK,BURGLARY,1,5/16/2011 2:02:21 PM,1400 B/O 27TH ST NW,38.908857486281,-77.05587025764850,WASHINGTON,DC,2,2E,2E06,SECOND,206,4,NONE,NONE,NONE,NONE
998586,11065563,5/12/2011 12:00:00 AM,UNK,BURGLARY,2,5/16/2011 2:02:21 PM,1900 B/O EVARTS ST NE,38.92450969511680,-76.97674079602380,WASHINGTON,DC,5,5B,5B02,FIFTH,505,22,NONE,NONE,NONE,NONE
998589,11065670,5/12/2011 12:00:00 AM,UNK,THEFT,1,5/16/2011 2:02:21 PM,3400 B/O 4TH ST SE,38.83833521549420,-77.00057231235240,WASHINGTON,DC,8,8C,8C04,SEVENTH,705,39,NONE,NONE,NONE,NONE
998603,11065665,5/12/2011 12:00:00 AM,UNK,THEFT,2,5/16/2011 2:02:21 PM,3300 B/O 22ND ST SE,38.84963242551910,-76.97423423602640,WASHINGTON,DC,8,8B,8B05,SEVENTH,704,38,NONE,NONE,NONE,NONE
998613,11065648,5/12/2011 12:00:00 AM,UNK,ROBBERY,F&V,5/16/2011 2:02:21 PM,900 B/O SOUTHERN AVE SE,38.83151056644490,-76.98813619906570,WASHINGTON,DC,8,8E,8E07,SEVENTH,706,39,NONE,NONE,NONE,NONE
998614,11065693,5/12/2011 12:00:00 AM,UNK,THEFT F/AUTO,1,5/16/2011 2:02:21 PM,400 B/O CEDAR ST NW,38.974780963087,-77.01906888806190,WASHINGTON,DC,4,4B,4B02,FOURTH,401,17,NONE,NONE,NONE,NONE
998622,11065703,5/12/2011 12:00:00 AM,UNK,ADW,KNIFE,5/16/2011 2:02:21 PM,1700 B/O I ST NE,38.90113641739560,-76.97824775465910,WASHINGTON,DC,5,5B,5B10,FIFTH,504,23,17TH ST & M ST,17TH ST & M ST,NONE,NONE
998627,11065712,5/12/2011 12:00:00 AM,UNK,THEFT F/AUTO,2,5/16/2011 2:02:21 PM,5600 B/O FOOTE ST NE,38.89714444245250,-76.91983398424730,WASHINGTON,DC,7,7C,7C06,SIXTH,602,31,NONE,NONE,NONE,NONE
998685,11065721,5/12/2011 12:00:00 AM,UNK,THEFT,2,5/16/2011 2:02:21 PM,700 B/O 7TH ST NW,38.89913005632630,-77.02191662879630,WASHINGTON,DC,2,2C,2C03,FIRST,101,8,NONE,NONE,NONE,DOWNTOWN BID
998714,11065652,5/12/2011 12:00:00 AM,UNK,ROBBERY,OTHER ARMED,5/16/2011 2:02:21 PM,3200 B/O M ST NW,38.90514353217070,-77.06426509161260,WASHINGTON,DC,2,2E,2E05,SECOND,206,4,NONE,NONE,NONE,GEORGETOWN BID
998717,11065763,5/12/2011 12:00:00 AM,UNK,THEFT,2,5/16/2011 2:02:21 PM,1500 B/O 1ST ST SW,38.87138946189360,-77.01217357249850,WASHINGTON,DC,6,6D,6D06,FIRST,104,9,NONE,NONE,NONE,NONE
998735,11065808,5/12/2011 12:00:00 AM,UNK,THEFT F/AUTO,1,5/16/2011 2:02:21 PM,900 B/O SOUTHERN AVE SE,38.83151056644490,-76.98813619906570,WASHINGTON,DC,8,8E,8E07,SEVENTH,706,39,NONE,NONE,NONE,NONE
998817,11065934,5/12/2011 12:00:00 AM,UNK,THEFT,TAGS,5/16/2011 2:02:21 PM,5500 B/O CALL PL SE,38.88345935535630,-76.92219120253510,WASHINGTON,DC,7,7E,7E06,SIXTH,604,33,NONE,NONE,NONE,NONE
998828,11065951,5/12/2011 12:00:00 AM,UNK,THEFT,2,5/16/2011 2:02:21 PM,6200 B/O 12TH ST NW,38.96554544962260,-77.02854012878160,WASHINGTON,DC,4,4A,4A06,FOURTH,402,17,NONE,NONE,NONE,NONE
998840,11065848,5/12/2011 12:00:00 AM,UNK,STOLEN AUTO,STOLEN AUTO,5/16/2011 2:02:21 PM,2400 B/O M ST NW,38.9052581692,-77.05235194445250,WASHINGTON,DC,2,2A,2A02,SECOND,207,5,NONE,NONE,NONE,NONE
998854,11065963,5/12/2011 12:00:00 AM,UNK,STOLEN AUTO,STOLEN AUTO,5/16/2011 2:02:21 PM,3900 B/O WATSON PL NW,38.92693072701470,-77.07816530451750,WASHINGTON,DC,3,3B,3B01,SECOND,204,14,NONE,NONE,NONE,NONE
998856,11065989,5/12/2011 12:00:00 AM,UNK,ROBBERY,GUN,5/16/2011 2:02:21 PM,1300 B/O KENYON ST NW,38.92962722139730,-77.03138124685080,WASHINGTON,DC,1,1A,1A06,THIRD,302,2,NONE,NONE,NONE,NONE
998877,11065950,5/12/2011 12:00:00 AM,UNK,STOLEN AUTO,STOLEN AUTO,5/16/2011 2:02:21 PM,2400 B/O M ST NW,38.9052581692,-77.05235194445250,WASHINGTON,DC,2,2A,2A02,SECOND,207,5,NONE,NONE,NONE,NONE
998880,11066004,5/12/2011 12:00:00 AM,UNK,ADW,GUN,5/16/2011 2:02:21 PM,3300 B/O 6TH ST SE,38.83971624442220,-76.99845040733610,WASHINGTON,DC,8,8E,8E05,SEVENTH,705,39,NONE,NONE,NONE,NONE
998894,11065995,5/12/2011 12:00:00 AM,UNK,THEFT,1,5/16/2011 2:02:21 PM,3400 B/O 18TH ST SE,38.84549545124460,-76.978152394293,WASHINGTON,DC,8,8B,8B07,SEVENTH,704,38,NONE,NONE,NONE,NONE
998903,11066012,5/12/2011 12:00:00 AM,UNK,THEFT,1,5/16/2011 2:02:21 PM,1900 B/O F ST NW,38.897351922560,-77.04418880654860,WASHINGTON,DC,2,2A,2A01,SECOND,207,5,NONE,NONE,NONE,NONE
998917,11066062,5/13/2011 12:00:00 AM,UNK,THEFT,2,5/16/2011 2:02:24 PM,1600 B/O L ST NE,38.90373624944380,-76.98043563189390,WASHINGTON,DC,5,5B,5B10,FIFTH,504,23,NONE,NONE,NONE,NONE
998919,11066034,5/12/2011 12:00:00 AM,UNK,THEFT,1,5/16/2011 2:02:21 PM,2400 B/O 4TH ST NW,38.92220444317430,-77.01832400229350,WASHINGTON,DC,1,1B,1B10,THIRD,305,3,NONE,NONE,NONE,NONE
998929,11066072,5/12/2011 12:00:00 AM,UNK,STOLEN AUTO,STOLEN AUTO,5/16/2011 2:02:21 PM,1300 B/O KENNEDY ST NW,38.95618265109850,-77.031751747725,WASHINGTON,DC,4,4C,4C01,FOURTH,403,18,NONE,NONE,NONE,NONE
998946,11066100,5/13/2011 12:00:00 AM,UNK,BURGLARY,2,5/16/2011 2:02:22 PM,4500 B/O TEXAS AVE SE,38.88552772472210,-76.940681033102,WASHINGTON,DC,7,7A,7A01,SIXTH,604,33,NONE,NONE,NONE,NONE
998947,11066096,5/13/2011 12:00:00 AM,UNK,STOLEN AUTO,STOLEN AUTO,5/16/2011 2:02:22 PM,600 B/O EASTERN AVE NE,38.89765284969810,-76.91555529547790,WASHINGTON,DC,7,7C,7C06,SIXTH,602,31,NONE,NONE,NONE,NONE
998955,11066103,5/13/2011 12:00:00 AM,UNK,ROBBERY,PBS,5/16/2011 2:02:22 PM,17TH ST NW & P ST NW,38.90964408683280,-77.038489424911,WASHINGTON,DC,2,2B,2B05,SECOND,208,6,NONE,NONE,NONE,NONE
998961,11066109,5/13/2011 12:00:00 AM,UNK,BURGLARY,2,5/16/2011 2:02:22 PM,2100 B/O DECATUR PL NW,38.91335081817190,-77.04795184873010,WASHINGTON,DC,2,2D,2D02,SECOND,208,1,NONE,NONE,NONE,NONE
998968,11066107,5/13/2011 12:00:00 AM,UNK,ADW,OTHER,5/16/2011 2:02:22 PM,5800 B/O FIELD PL NE,38.89792833649380,-76.91684990862140,WASHINGTON,DC,NONE,NONE,NONE,NONE,NONE,NONE,NONE,NONE,NONE,NONE
998976,11066019,5/12/2011 12:00:00 AM,UNK,THEFT,2,5/16/2011 2:02:21 PM,2400 B/O H ST NW,38.899576644578,-77.05312412210650,WASHINGTON,DC,2,2A,2A04,SECOND,207,5,NONE,NONE,NONE,NONE
998979,11066131,5/13/2011 12:00:00 AM,UNK,THEFT F/AUTO,2,5/16/2011 2:02:22 PM,1700 B/O K ST NW,38.90255278327320,-77.03989474025890,WASHINGTON,DC,2,2B,2B06,SECOND,208,6,NONE,NONE,NONE,GOLDEN TRIANGLE BID
998991,11066056,5/12/2011 12:00:00 AM,UNK,ROBBERY,F&V,5/16/2011 2:02:22 PM,900 B/O PENNSYLVANIA AVE SE,38.88346185070890,-76.99320390463310,WASHINGTON,DC,6,6B,6B04,FIRST,106,26,NONE,NONE,NONE,CAPITOL HILL BID
999010,11066150,5/13/2011 12:00:00 AM,UNK,BURGLARY,2,5/16/2011 2:02:22 PM,1500 B/O 1ST ST SW,38.87138946189360,-77.01217357249850,WASHINGTON,DC,6,6D,6D06,FIRST,104,9,NONE,NONE,NONE,NONE
999017,11066153,5/13/2011 12:00:00 AM,UNK,ROBBERY,CAR JACKING,5/16/2011 2:02:22 PM,6TH ST NE & G ST NE,38.89891110985370,-76.99844763724850,WASHINGTON,DC,6,6C,6C05,FIRST,102,25,NONE,NONE,NONE,NONE
999028,11065701,5/13/2011 12:00:00 AM,UNK,THEFT,2,5/16/2011 2:02:22 PM,1400 B/O NEWTON ST NW,38.93256775024030,-77.03460073657040,WASHINGTON,DC,1,1A,1A02,THIRD,302,2,NONE,NONE,NONE,NONE
999032,11066162,5/13/2011 12:00:00 AM,UNK,THEFT F/AUTO,1,5/16/2011 2:02:22 PM,3500 B/O COMMODORE JOSHUA BARNEY DR NE,38.92711985859610,-76.95631113582260,WASHINGTON,DC,5,5A,5A12,FIFTH,503,24,NONE,NONE,NONE,NONE
999033,11066161,5/13/2011 12:00:00 AM,UNK,THEFT F/AUTO,1,5/16/2011 2:02:22 PM,,0,0,WASHINGTON,DC,8,8B,8B07,SEVENTH,704,38,NONE,NONE,NONE,NONE
999043,11066178,5/13/2011 12:00:00 AM,UNK,THEFT F/AUTO,2,5/16/2011 2:02:22 PM,,0,0,,,5,5A,5A06,FIFTH,502,20,NONE,NONE,NONE,NONE
999044,11066184,5/13/2011 12:00:00 AM,UNK,THEFT F/AUTO,1,5/16/2011 2:02:22 PM,1700 B/O NEW YORK AVE NE,38.91719986987130,-76.97901247561160,WASHINGTON,DC,5,5B,5B09,FIFTH,504,23,NONE,NONE,NONE,NONE
999045,11066177,5/13/2011 12:00:00 AM,UNK,THEFT F/AUTO,2,5/16/2011 2:02:22 PM,5500 B/O SOUTH DAKOTA AVE NE,38.95495913602430,-76.99984771052390,WASHINGTON,DC,4,4B,4B09,FOURTH,402,19,NONE,NONE,NONE,NONE
999046,11066183,5/13/2011 12:00:00 AM,UNK,THEFT F/AUTO,2,5/16/2011 2:02:22 PM,3200 B/O O ST SE,38.870732316292,-76.958980424692,WASHINGTON,DC,7,7B,7B04,SIXTH,605,34,NONE,NONE,NONE,NONE
999047,11066191,5/13/2011 12:00:00 AM,UNK,STOLEN AUTO,STOLEN AUTO,5/16/2011 2:02:22 PM,1700 B/O SWANN ST NW,38.91483392578980,-77.040196360823,WASHINGTON,DC,2,2B,2B08,SECOND,208,6,NONE,NONE,NONE,NONE
999054,11066197,5/13/2011 12:00:00 AM,UNK,STOLEN AUTO,STOLEN AUTO,5/16/2011 2:02:22 PM,6800 B/O GEORGIA AVE NW,38.97298564654190,-77.02695744040340,WASHINGTON,DC,4,4B,4B02,FOURTH,401,17,NONE,NONE,NONE,NONE
999059,11065642,5/12/2011 12:00:00 AM,UNK,THEFT,2,5/16/2011 2:02:22 PM,4600 B/O BENNING RD SE,38.886424347392,-76.93610446487260,WASHINGTON,DC,7,7E,7E04,SIXTH,604,33,NONE,NONE,NONE,NONE
999060,11066182,5/13/2011 12:00:00 AM,UNK,BURGLARY,2,5/16/2011 2:02:22 PM,7000 B/O PINEY BRANCH RD NW,38.97502697906820,-77.02161900638440,WASHINGTON,DC,4,4B,4B01,FOURTH,401,17,NONE,NONE,NONE,NONE
999065,11066195,5/13/2011 12:00:00 AM,UNK,ROBBERY,ATTEMPT,5/16/2011 2:02:22 PM,3600 B/O GEORGIA AVE NW,38.93567981544160,-77.02416019018460,WASHINGTON,DC,1,1A,1A08,THIRD,302,2,NONE,NONE,NONE,NONE
999070,11066219,5/13/2011 12:00:00 AM,UNK,THEFT,2,5/16/2011 2:02:22 PM,300 B/O 10TH ST SE,38.88503718634790,-76.99265001311550,WASHINGTON,DC,6,6B,6B04,FIRST,106,26,NONE,NONE,NONE,NONE
999072,11066201,5/13/2011 12:00:00 AM,UNK,BURGLARY,2,5/16/2011 2:02:22 PM,1100 B/O 8TH ST SE,38.87680403600170,-76.99496777887310,WASHINGTON,DC,6,6B,6B04,FIRST,106,27,NONE,NONE,NONE,CAPITOL RIVERFRONT BID
999075,11066243,5/13/2011 12:00:00 AM,UNK,STOLEN AUTO,STOLEN AUTO,5/16/2011 2:02:22 PM,,0,0,,,NONE,NONE,NONE,NONE,NONE,NONE,NONE,NONE,NONE,NONE
999078,11066202,5/13/2011 12:00:00 AM,UNK,STOLEN AUTO,STOLEN AUTO,5/16/2011 2:02:22 PM,1500 B/O MONTANA AVE NE,38.92193350549170,-76.98195823455820,WASHINGTON,DC,5,5B,5B01,FIFTH,505,22,NONE,NONE,NONE,NONE
999082,11066260,5/13/2011 12:00:00 AM,UNK,THEFT,2,5/16/2011 2:02:22 PM,1100 B/O VARNUM ST NE,38.942867894064,-76.99116755493360,WASHINGTON,DC,5,5A,5A05,FOURTH,405,20,NONE,NONE,NONE,NONE
999086,11066269,5/13/2011 12:00:00 AM,UNK,STOLEN AUTO,STOLEN AUTO,5/16/2011 2:02:22 PM,5300 B/O WISCONSIN AVE NW,38.95991230101780,-77.085288045686,WASHINGTON,DC,3,3E,3E04,SECOND,202,11,NONE,NONE,NONE,NONE
999090,11066263,5/13/2011 12:00:00 AM,UNK,STOLEN AUTO,STOLEN AUTO,5/16/2011 2:02:23 PM,4500 B/O 43RD ST NW,38.948011632814,-77.08378350535890,WASHINGTON,DC,3,3E,3E03,SECOND,202,11,NONE,NONE,NONE,NONE
999094,11066247,5/13/2011 12:00:00 AM,UNK,THEFT,2,5/16/2011 2:02:23 PM,5100 B/O MACARTHUR BVD NW,38.92563487347920,-77.10211655999910,WASHINGTON,DC,3,3D,3D05,SECOND,205,13,NONE,NONE,NONE,NONE
999095,11066242,5/13/2011 12:00:00 AM,UNK,ADW,OTHER,5/16/2011 2:02:23 PM,3000 B/O 14TH ST NW,38.92817227349750,-77.03259010350710,WASHINGTON,DC,1,1A,1A03,THIRD,302,2,NONE,NONE,NONE,NONE
999097,11066245,5/13/2011 12:00:00 AM,UNK,STOLEN AUTO,STOLEN AUTO,5/16/2011 2:02:23 PM,2300 B/O SHANNON PL SE,38.86384727300730,-76.99234015557830,WASHINGTON,DC,8,8A,8A05,SEVENTH,703,28,NONE,NONE,NONE,NONE
999104,11066261,5/13/2011 12:00:00 AM,UNK,THEFT,2,5/16/2011 2:02:23 PM,1600 B/O 16TH ST SE,38.87010180841940,-76.982223771868,WASHINGTON,DC,8,8A,8A02,SIXTH,607,34,NONE,NONE,NONE,NONE
999109,11066290,5/13/2011 12:00:00 AM,UNK,BURGLARY,2,5/16/2011 2:02:23 PM,1300 B/O MAPLE VIEW PL SE,38.86216726577040,-76.98890999599360,WASHINGTON,DC,8,8A,8A03,SEVENTH,701,28,NONE,NONE,NONE,NONE
999115,11066305,5/13/2011 12:00:00 AM,UNK,SEX ABUSE,ADULT 1ST,5/16/2011 2:02:23 PM,1100 B/O 1ST TER NW,38.90508342541380,-77.01118134260170,WASHINGTON,DC,6,6C,6C03,FIRST,101,8,NONE,NONE,SURSUM CORDA,NONE
999126,11066252,5/13/2011 12:00:00 AM,UNK,STOLEN AUTO,STOLEN AUTO,5/16/2011 2:02:23 PM,400 B/O ORANGE ST SE,38.84593457205180,-77.00265178018340,WASHINGTON,DC,8,8C,8C04,SEVENTH,705,39,NONE,NONE,NONE,NONE
999132,11066329,5/13/2011 12:00:00 AM,UNK,THEFT F/AUTO,2,5/16/2011 2:02:23 PM,1600 B/O EUCLID ST NW,38.92320060826580,-77.037746358379,WASHINGTON,DC,1,1C,1C07,THIRD,303,1,COLUMBIA RD NW & EUCLID ST NW,COLUMBIA RD NW & EUCLID ST NW,NONE,NONE
999133,11066318,5/13/2011 12:00:00 AM,UNK,THEFT F/AUTO,2,5/16/2011 2:02:23 PM,11TH ST NW & N ST NW,38.90724051221510,-77.02703601081260,WASHINGTON,DC,2,2F,NONE,THIRD,307,7,NONE,NONE,NONE,NONE
999138,11066340,5/13/2011 12:00:00 AM,UNK,THEFT,2,5/16/2011 2:02:23 PM,1100 B/O CONNECTICUT AVE NW,38.90468484467890,-77.04052195476380,WASHINGTON,DC,2,2B,2B05,SECOND,208,6,NONE,NONE,NONE,GOLDEN TRIANGLE BID
999140,11066335,5/13/2011 12:00:00 AM,UNK,THEFT,2,5/16/2011 2:02:23 PM,1900 B/O BLADENSBURG RD NE,38.916555658862,-76.973092356514,WASHINGTON,DC,5,5B,5B09,FIFTH,504,23,NONE,NONE,NONE,NONE
999149,11066357,5/13/2011 12:00:00 AM,UNK,THEFT F/AUTO,1,5/16/2011 2:02:23 PM,3400 B/O HOLMEAD PL NW,38.933328871840,-77.03086617155270,WASHINGTON,DC,1,1A,1A04,THIRD,302,2,NONE,NONE,NONE,NONE
999150,11066345,5/13/2011 12:00:00 AM,UNK,BURGLARY,2,5/16/2011 2:02:23 PM,3400 B/O BROWN ST NW,38.93498455821660,-77.03719053794310,WASHINGTON,DC,1,1D,1D01,THIRD,301,2,NONE,NONE,NONE,NONE
999152,11066362,5/13/2011 12:00:00 AM,UNK,THEFT F/AUTO,1,5/16/2011 2:02:23 PM,1800 B/O 12TH ST NW,38.91483338385150,-77.02807987100950,WASHINGTON,DC,1,1B,1B02,THIRD,305,3,NONE,NONE,NONE,NONE
999156,11066348,5/13/2011 12:00:00 AM,UNK,BURGLARY,2,5/16/2011 2:02:23 PM,3400 B/O BROWN ST NW,38.93498455821660,-77.03719053794310,WASHINGTON,DC,1,1D,1D01,THIRD,301,2,NONE,NONE,NONE,NONE
999166,11066382,5/13/2011 12:00:00 AM,UNK,THEFT F/AUTO,2,5/16/2011 2:02:23 PM,1300 B/O M ST SE,38.87650849771840,-76.98741535767260,WASHINGTON,DC,6,6B,6B04,FIRST,106,27,NONE,NONE,NONE,CAPITOL RIVERFRONT BID
999173,11066366,5/13/2011 12:00:00 AM,UNK,ADW,KNIFE,5/16/2011 2:02:23 PM,1100 B/O 50TH PL NE,38.90536792885890,-76.929634894867,WASHINGTON,DC,7,7C,7C07,SIXTH,602,31,NONE,NONE,NONE,NONE
999175,11066383,5/13/2011 12:00:00 AM,UNK,THEFT,2,5/16/2011 2:02:23 PM,22ND ST NW & K ST NW,38.902526324079,-77.04882571730270,,,2,2A,2A06,SECOND,208,6,NONE,NONE,NONE,NONE
999179,11066385,5/13/2011 12:00:00 AM,UNK,ROBBERY,P/P,5/16/2011 2:02:23 PM,34TH ST SE & B ST SE,38.88758987207350,-76.957513203124,WASHINGTON,DC,7,7A,7A03,SIXTH,603,32,NONE,NONE,NONE,NONE
999188,11066344,5/13/2011 12:00:00 AM,UNK,THEFT F/AUTO,ATTEMPT,5/16/2011 2:02:23 PM,1300 B/O HALF ST SW,38.87379921776360,-77.01064741897070,WASHINGTON,DC,6,6D,6D06,FIRST,104,9,NONE,NONE,1ST ST SW & M ST SW,NONE
999192,11066405,5/13/2011 12:00:00 AM,UNK,BURGLARY,2,5/16/2011 2:02:23 PM,3400 B/O BROWN ST NW,38.93498455821660,-77.03719053794310,WASHINGTON,DC,1,1D,1D01,THIRD,301,2,NONE,NONE,NONE,NONE
999207,11066442,5/13/2011 12:00:00 AM,UNK,THEFT,1,5/16/2011 2:02:23 PM,900 B/O VALLEY AVE SE,38.69809070250030,-76.99243470913550,WASHINGTON,DC,8,8E,8E04,SEVENTH,706,39,NONE,NONE,NONE,NONE
999212,11066406,5/13/2011 12:00:00 AM,UNK,ADW,OTHER,5/16/2011 2:02:23 PM,5800 B/O 2ND ST NE,38.96045846418770,-77.00489678730580,WASHINGTON,DC,4,4B,4B08,FOURTH,402,19,NONE,NONE,NONE,NONE
999214,11066370,5/13/2011 12:00:00 AM,UNK,THEFT,2,5/16/2011 2:02:23 PM,3100 B/O 14TH ST NW,38.92952144470910,-77.03276400297170,WASHINGTON,DC,1,1A,1A05,THIRD,302,2,NONE,NONE,NONE,NONE
999218,11066461,5/13/2011 12:00:00 AM,UNK,ADW,OTHER,5/16/2011 2:02:23 PM,1300 B/O MORRIS RD SE,38.86163083730660,-76.98945989456840,WASHINGTON,DC,8,8A,8A03,SEVENTH,701,28,NONE,NONE,NONE,NONE
999219,11066465,5/13/2011 12:00:00 AM,UNK,BURGLARY,2,5/16/2011 2:02:23 PM,5300 B/O EAST CAPITOL ST,38.88974263906080,-76.92484582795770,WASHINGTON,DC,7,7C,7C02,SIXTH,602,33,NONE,NONE,NONE,NONE
999223,11066469,5/13/2011 12:00:00 AM,UNK,STOLEN AUTO,STOLEN AUTO,5/16/2011 2:02:23 PM,13TH ST NW & I ST NW,38.90132610910220,-77.02962313406940,WASHINGTON,DC,2,2F,2F03,FIRST,101,8,NONE,NONE,NONE,DOWNTOWN BID
999225,11066466,5/13/2011 12:00:00 AM,UNK,BURGLARY,2,5/16/2011 2:02:23 PM,1900 B/O 17TH ST NW,38.91627297982950,-77.03843684743190,WASHINGTON,DC,2,2B,2B08,SECOND,208,6,NONE,NONE,NONE,NONE
999236,11066482,5/13/2011 12:00:00 AM,UNK,THEFT,TAGS,5/16/2011 2:02:23 PM,2200 B/O 5TH ST NE,38.91965339837170,-76.99951964637470,WASHINGTON,DC,5,5C,5C05,FIFTH,501,21,NONE,NONE,NONE,NONE
999243,11066333,5/13/2011 12:00:00 AM,UNK,BURGLARY,2,5/16/2011 2:02:23 PM,1200 B/O CRITTENDEN ST NW,38.94719371820390,-77.02824366491490,WASHINGTON,DC,4,4C,4C03,FOURTH,404,18,NONE,NONE,NONE,NONE
999245,11066470,5/13/2011 12:00:00 AM,UNK,BURGLARY,2,5/16/2011 2:02:23 PM,700 B/O KENTUCKY AVE SE,38.88076473151920,-76.98273830365430,WASHINGTON,DC,6,6B,6B09,FIRST,107,26,NONE,NONE,NONE,NONE
999253,11066486,5/13/2011 12:00:00 AM,UNK,BURGLARY,2,5/16/2011 2:02:23 PM,200 B/O I ST NE,38.90132462843210,-77.00280212340530,WASHINGTON,DC,6,6C,6C05,FIRST,102,25,NONE,NONE,NONE,NONE
999255,11066501,5/13/2011 12:00:00 AM,UNK,STOLEN AUTO,STOLEN AUTO,5/16/2011 2:02:23 PM,1400 B/O MINNESOTA AVE SE,38.867241926773,-76.98321804639090,WASHINGTON,DC,8,8A,8A03,SIXTH,607,34,NONE,NONE,NONE,NONE
999261,11066467,5/13/2011 12:00:00 AM,UNK,ADW,OTHER,5/16/2011 2:02:23 PM,100 B/O IRVINGTON ST SW,38.820673623568,-77.00911788379830,WASHINGTON,DC,8,8D,8D05,SEVENTH,706,39,NONE,NONE,NONE,NONE
999275,11066504,5/13/2011 12:00:00 AM,UNK,THEFT,2,5/16/2011 2:02:23 PM,2300 B/O IRVING ST SE,38.85304176014680,-76.97266159426610,WASHINGTON,DC,8,8B,8B03,SEVENTH,702,36,NONE,NONE,NONE,NONE
999282,11066502,5/13/2011 12:00:00 AM,UNK,BURGLARY,2,5/16/2011 2:02:23 PM,2100 B/O QUEENS CHAPEL RD NE,38.92016419564370,-76.97308097702380,WASHINGTON,DC,5,5B,5B09,FIFTH,505,22,NONE,NONE,NONE,NONE
999285,11066319,5/13/2011 12:00:00 AM,UNK,THEFT,2,5/16/2011 2:02:23 PM,300 B/O 50TH ST NE,38.89458721119270,-76.92923270604960,WASHINGTON,DC,7,7C,7C03,SIXTH,602,31,NONE,NONE,50TH ST NE,NONE
999287,11066511,5/13/2011 12:00:00 AM,UNK,ROBBERY,F&V,5/16/2011 2:02:23 PM,53RD ST SE & C ST SE,38.88470679199130,-76.92614581718010,,,7,7E,7E06,SIXTH,604,33,NONE,NONE,NONE,NONE
999291,11066530,5/13/2011 12:00:00 AM,UNK,STOLEN AUTO,STOLEN AUTO,5/16/2011 2:02:23 PM,UNIT B/O FORRESTER ST SW,38.82518875242520,-77.00800945837120,WASHINGTON,DC,8,8D,8D04,SEVENTH,706,39,NONE,NONE,NONE,NONE
999297,11066543,5/13/2011 12:00:00 AM,UNK,THEFT,TAGS,5/16/2011 2:02:23 PM,1300 B/O U ST SE,38.86607954580890,-76.986347024590,WASHINGTON,DC,8,8A,8A03,SEVENTH,701,28,NONE,NONE,NONE,NONE
999304,11066535,5/13/2011 12:00:00 AM,UNK,ROBBERY,FEAR,5/16/2011 2:02:23 PM,6TH ST NW & BUTTERNUT ST NW,38.97360920512040,-77.02141611960510,,,4,4B,4B02,FOURTH,401,17,NONE,NONE,NONE,NONE
999315,11066550,5/13/2011 12:00:00 AM,UNK,ROBBERY,PBS,5/16/2011 2:02:23 PM,1500 B/O CONNECTICUT AVE NW,38.91073806727860,-77.04407776518280,WASHINGTON,DC,2,2B,2B02,SECOND,208,6,NONE,NONE,NONE,NONE
999349,11066400,5/14/2011 12:00:00 AM,UNK,THEFT,2,5/16/2011 2:02:23 PM,600 B/O F ST NW,38.89734306510670,-77.02091676676380,WASHINGTON,DC,2,2C,2C03,FIRST,101,8,NONE,NONE,NONE,DOWNTOWN BID
999353,11066581,5/14/2011 12:00:00 AM,UNK,ADW,OTHER,5/16/2011 2:02:23 PM,900 B/O RITTENHOUSE ST NW,38.96495285634180,-77.02683901499870,WASHINGTON,DC,4,4B,4B04,FOURTH,402,17,NONE,NONE,NONE,NONE
999355,11066634,5/14/2011 12:00:00 AM,UNK,THEFT,1,5/16/2011 2:02:23 PM,400 B/O MELLON ST SE,38.84779484152230,-77.00091351715160,WASHINGTON,DC,8,8C,8C02,SEVENTH,705,39,NONE,NONE,NONE,NONE
999357,11066606,5/14/2011 12:00:00 AM,UNK,ADW,KNIFE,5/16/2011 2:02:23 PM,1200 B/O 47TH PL NE,38.90663812272960,-76.93475624010160,WASHINGTON,DC,7,7C,7C07,SIXTH,602,31,NONE,NONE,NONE,NONE
999360,11066573,5/14/2011 12:00:00 AM,UNK,ADW,KNIFE,5/16/2011 2:02:23 PM,3100 B/O K ST NW,38.90259249352530,-77.06194467713150,WASHINGTON,DC,2,2E,2E05,SECOND,206,4,NONE,NONE,NONE,GEORGETOWN BID
999364,11066625,5/14/2011 12:00:00 AM,UNK,THEFT F/AUTO,2,5/16/2011 2:02:23 PM,700 B/O QUEBEC PL NW,38.93601340802320,-77.02273700562670,WASHINGTON,DC,1,1A,1A08,THIRD,302,2,NONE,NONE,NONE,NONE
999376,11066641,5/14/2011 12:00:00 AM,UNK,ADW,GUN,5/16/2011 2:02:23 PM,45TH ST NE & DIX ST NE,38.89464079568780,-76.93777075893330,,,7,7D,7D05,SIXTH,602,30,NONE,NONE,NONE,NONE
999387,11066647,5/14/2011 12:00:00 AM,UNK,THEFT F/AUTO,2,5/16/2011 2:02:23 PM,5TH ST NW & K ST NW,38.90252148776670,-77.01892765617830,WASHINGTON,DC,6,6C,6C01,FIRST,101,8,NONE,NONE,NONE,MOUNT VERNON TRIANGLE CID
999407,11066682,5/14/2011 12:00:00 AM,UNK,THEFT F/AUTO,2,5/16/2011 2:02:23 PM,1900 B/O MONTANA AVE NE,38.91540856025420,-76.976624998126,WASHINGTON,DC,5,5B,5B09,FIFTH,505,22,NONE,NONE,NONE,NONE
999410,11066676,5/14/2011 12:00:00 AM,UNK,THEFT F/AUTO,2,5/16/2011 2:02:23 PM,2700 B/O NEW YORK AVE NE,38.91731550267510,-76.96844313402630,WASHINGTON,DC,5,5B,5B09,FIFTH,503,24,NONE,NONE,NONE,NONE
999413,11066679,5/14/2011 12:00:00 AM,UNK,THEFT F/AUTO,1,5/16/2011 2:02:23 PM,1800 B/O PROVIDENCE ST NE,38.91299848868290,-76.98478325491310,WASHINGTON,DC,5,5B,5B09,FIFTH,504,23,NONE,NONE,NONE,NONE
999416,11066685,5/14/2011 12:00:00 AM,UNK,THEFT F/AUTO,1,5/16/2011 2:02:23 PM,1800 B/O PROVIDENCE ST NE,38.91299848868290,-76.98478325491310,WASHINGTON,DC,5,5B,5B09,FIFTH,504,23,NONE,NONE,NONE,NONE
999417,11066704,5/14/2011 12:00:00 AM,UNK,ROBBERY,GUN,5/16/2011 2:02:23 PM,2500 B/O ALABAMA AVE SE,38.857381232914,-76.96948120276110,WASHINGTON,DC,8,8B,8B01,SEVENTH,702,36,NONE,NONE,NONE,NONE
999420,11066686,5/14/2011 12:00:00 AM,UNK,THEFT F/AUTO,1,5/16/2011 2:02:23 PM,1800 B/O PROVIDENCE ST NE,38.91299848868290,-76.98478325491310,WASHINGTON,DC,5,5B,5B09,FIFTH,504,23,NONE,NONE,NONE,NONE
999437,11066705,5/14/2011 12:00:00 AM,UNK,ROBBERY,CAR JACKING - GUN,5/16/2011 2:02:23 PM,1200 B/O I ST NE,38.90131868048420,-76.98927678112850,WASHINGTON,DC,6,6A,6A01,FIRST,102,25,NONE,NONE,NONE,NONE
999438,11066727,5/14/2011 12:00:00 AM,UNK,ROBBERY,PBS,5/16/2011 2:02:23 PM,600 B/O 7TH ST NW,38.89786128496660,-77.02191659924010,WASHINGTON,DC,2,2C,2C03,FIRST,101,8,NONE,NONE,NONE,DOWNTOWN BID
999442,11066566,5/14/2011 12:00:00 AM,UNK,THEFT F/AUTO,2,5/16/2011 2:02:23 PM,3300 B/O SHERMAN AVE NW,38.93127180280810,-77.026606844984,WASHINGTON,DC,1,1A,1A09,THIRD,302,2,NONE,NONE,NONE,NONE
999449,11066733,5/14/2011 12:00:00 AM,UNK,THEFT,2,5/16/2011 2:02:23 PM,3800 B/O GEORGIA AVE NW,38.93814867631060,-77.02458332862790,WASHINGTON,DC,4,4C,4C08,FOURTH,404,18,NONE,NONE,NONE,NONE
999451,11066717,5/14/2011 12:00:00 AM,UNK,ADW,KNIFE,5/16/2011 2:02:23 PM,2000 B/O GALLAUDET ST NE,38.91382978316830,-76.98473659551120,WASHINGTON,DC,5,5B,5B09,FIFTH,504,23,NONE,NONE,NONE,NONE
999452,11066726,5/14/2011 12:00:00 AM,UNK,BURGLARY,2,5/16/2011 2:02:23 PM,1900 B/O Q ST SE,38.87074227901570,-76.97677805404220,WASHINGTON,DC,8,8A,8A01,SIXTH,607,34,NONE,NONE,NONE,NONE
999453,11066721,5/14/2011 12:00:00 AM,UNK,THEFT,ATTEMPT,5/16/2011 2:02:23 PM,7400 B/O GEORGIA AVE NW,38.98041739945330,-77.02649211198940,WASHINGTON,DC,4,4B,4B01,FOURTH,401,17,NONE,NONE,NONE,NONE
999457,11066735,5/14/2011 12:00:00 AM,UNK,BURGLARY,1,5/16/2011 2:02:23 PM,4900 B/O NANNIE HELEN BURROUGHS AVE NE,38.89833945482280,-76.92966128103460,WASHINGTON,DC,7,7C,7C01,SIXTH,602,31,NONE,NONE,NONE,NONE
999462,11066328,5/13/2011 12:00:00 AM,UNK,BURGLARY,1,5/16/2011 2:02:23 PM,2100 B/O DECATUR PL NW,38.91335081817190,-77.04795184873010,WASHINGTON,DC,2,2D,2D02,SECOND,208,1,NONE,NONE,NONE,NONE
999464,11066697,5/14/2011 12:00:00 AM,UNK,ADW,KNIFE,5/16/2011 2:02:23 PM,7600 B/O GEORGIA AVE NW,38.98235739840440,-77.026515483536,WASHINGTON,DC,4,4A,4A02,FOURTH,401,16,NONE,NONE,NONE,NONE
999466,11066601,5/14/2011 12:00:00 AM,UNK,THEFT,2,5/16/2011 2:02:23 PM,4600 B/O MARTIN LUTHER KING JR AVE SW,38.822456204120,-77.01136251644520,WASHINGTON,DC,8,8D,8D05,SEVENTH,706,39,NONE,NONE,NONE,NONE
999468,11066744,5/14/2011 12:00:00 AM,UNK,THEFT F/AUTO,2,5/16/2011 2:02:23 PM,3RD ST NE & NICHOLSON ST NE,38.96051170518520,-77.00276450008570,,,4,4B,4B08,FOURTH,402,19,NONE,NONE,NONE,NONE
999469,11066747,5/14/2011 12:00:00 AM,UNK,THEFT F/AUTO,2,5/16/2011 2:02:24 PM,500 B/O 48TH PL NE,38.89555449980320,-76.93406968480770,WASHINGTON,DC,7,7C,7C03,SIXTH,602,30,NONE,NONE,NONE,NONE
999473,11066752,5/14/2011 12:00:00 AM,UNK,THEFT F/AUTO,2,5/16/2011 2:02:24 PM,1800 B/O 6TH ST NW,38.914802936852,-77.0199352296,WASHINGTON,DC,2,2C,2C02,THIRD,308,3,NONE,NONE,NONE,NONE
999474,11066753,5/14/2011 12:00:00 AM,UNK,THEFT F/AUTO,2,5/16/2011 2:02:24 PM,2300 B/O PENNSYLVANIA AVE SE,38.87412402114630,-76.97209345060760,WASHINGTON,DC,7,7A,7A07,SIXTH,605,34,NONE,NONE,NONE,NONE
999477,11066749,5/14/2011 12:00:00 AM,UNK,BURGLARY,1,5/16/2011 2:02:24 PM,300 B/O TAYLOR ST NE,38.94073684875020,-77.00204626997080,WASHINGTON,DC,5,5C,5C12,FOURTH,405,19,NONE,NONE,NONE,NONE
999480,11066754,5/14/2011 12:00:00 AM,UNK,THEFT F/AUTO,2,5/16/2011 2:02:24 PM,3400 B/O CLAY ST NE,38.89356234102130,-76.95614494639850,WASHINGTON,DC,7,7D,7D04,SIXTH,603,32,NONE,NONE,NONE,NONE
999481,11066746,5/14/2011 12:00:00 AM,UNK,THEFT,2,5/16/2011 2:02:24 PM,300 B/O G ST SE,38.88127244015120,-77.001309547115,WASHINGTON,DC,6,6B,6B03,FIRST,105,26,NONE,NONE,NONE,NONE
999485,11065586,5/12/2011 12:00:00 AM,UNK,THEFT,2,5/16/2011 2:02:24 PM,400 B/O EVARTS ST NE,38.924508602458,-76.99950736075470,WASHINGTON,DC,5,5C,5C09,FIFTH,501,21,NONE,NONE,NONE,NONE
999486,11066758,5/14/2011 12:00:00 AM,UNK,THEFT F/AUTO,2,5/16/2011 2:02:24 PM,700 B/O BURNS ST SE,38.87969553801560,-76.94290918163620,WASHINGTON,DC,7,7E,7E01,SIXTH,604,33,NONE,NONE,NONE,NONE
999490,11066762,5/14/2011 12:00:00 AM,UNK,THEFT,2,5/16/2011 2:02:24 PM,200 B/O 10TH ST SE,38.886814624129,-76.99264565181330,WASHINGTON,DC,6,6B,6B05,FIRST,106,26,NONE,NONE,NONE,NONE
999495,11066769,5/14/2011 12:00:00 AM,UNK,THEFT F/AUTO,2,5/16/2011 2:02:24 PM,2300 B/O 33RD ST SE,38.86116115193410,-76.96017880423280,WASHINGTON,DC,7,7B,7B05,SIXTH,606,35,NONE,NONE,NONE,NONE
999499,11066787,5/14/2011 12:00:00 AM,UNK,STOLEN AUTO,STOLEN AUTO,5/16/2011 2:02:24 PM,3400 B/O 13TH ST SE,38.84129558398690,-76.98846631201170,WASHINGTON,DC,8,8E,8E03,SEVENTH,705,38,NONE,NONE,NONE,NONE
999500,11066780,5/14/2011 12:00:00 AM,UNK,BURGLARY,1,5/16/2011 2:02:24 PM,600 B/O EDGEWOOD ST NE,38.92453269588760,-76.99722420935930,WASHINGTON,DC,5,5C,5C08,FIFTH,501,21,NONE,NONE,NONE,NONE
999506,11066771,5/14/2011 12:00:00 AM,UNK,THEFT F/AUTO,2,5/16/2011 2:02:24 PM,300 B/O OGLETHORPE ST NE,38.96126647937140,-77.00188792202330,WASHINGTON,DC,4,4B,4B08,FOURTH,402,19,NONE,NONE,NONE,NONE
999517,11066821,5/14/2011 12:00:00 AM,UNK,STOLEN AUTO,STOLEN AUTO,5/16/2011 2:02:24 PM,MONTELLO AVE NE & MORSE ST NE,38.90363850931270,-76.98955907486360,WASHINGTON,DC,5,5B,5B06,FIFTH,504,23,NONE,NONE,NONE,NONE
999519,11066805,5/14/2011 12:00:00 AM,UNK,THEFT F/AUTO,1,5/16/2011 2:02:24 PM,4400 B/O GAULT PL NE,38.89905620261960,-76.93789015625120,WASHINGTON,DC,7,7C,7C01,SIXTH,602,30,NONE,NONE,NONE,NONE
999521,11066815,5/14/2011 12:00:00 AM,UNK,THEFT F/AUTO,2,5/16/2011 2:02:24 PM,1800 B/O PHELPS PL NW,38.91561988197210,-77.04875692135620,WASHINGTON,DC,2,2D,2D02,SECOND,208,1,NONE,NONE,NONE,NONE
999524,11066828,5/14/2011 12:00:00 AM,UNK,STOLEN AUTO,STOLEN AUTO,5/16/2011 2:02:24 PM,600 B/O 46TH PL SE,38.88108574903140,-76.93553486130070,WASHINGTON,DC,7,7A,7A01,SIXTH,604,33,NONE,NONE,NONE,NONE
999525,11066795,5/14/2011 12:00:00 AM,UNK,STOLEN AUTO,STOLEN AUTO,5/16/2011 2:02:24 PM,3700 B/O NORTHAMPTON ST NW,38.965811967489,-77.07397477998060,WASHINGTON,DC,3,3G,3G05,SECOND,201,10,NONE,NONE,NONE,NONE
999526,11066806,5/14/2011 12:00:00 AM,UNK,THEFT,2,5/16/2011 2:02:24 PM,1800 B/O SAVANNAH ST SE,38.84633606318940,-76.977767312828,WASHINGTON,DC,8,8B,8B07,SEVENTH,704,38,NONE,NONE,NONE,NONE
999527,11066802,5/14/2011 12:00:00 AM,UNK,THEFT,1,5/16/2011 2:02:24 PM,400 B/O 15TH ST SE,38.883468364763,-76.98365500909620,WASHINGTON,DC,6,6B,6B06,FIRST,107,26,NONE,NONE,NONE,NONE
999528,11066814,5/14/2011 12:00:00 AM,UNK,THEFT F/AUTO,2,5/16/2011 2:02:24 PM,1800 B/O PHELPS PL NW,38.91561988197210,-77.04875692135620,WASHINGTON,DC,2,2D,2D02,SECOND,208,1,NONE,NONE,NONE,NONE
999534,11066819,5/14/2011 12:00:00 AM,UNK,STOLEN AUTO,STOLEN AUTO,5/16/2011 2:02:24 PM,4300 B/O GARFIELD ST NW,38.92752559137930,-77.08501216863360,WASHINGTON,DC,3,3D,3D01,SECOND,205,13,NONE,NONE,NONE,NONE
999536,11066810,5/14/2011 12:00:00 AM,UNK,THEFT,2,5/16/2011 2:02:24 PM,1700 B/O EAST CAPITOL ST,38.88982724396030,-76.97989539292720,WASHINGTON,DC,6,6A,6A08,FIRST,103,26,NONE,NONE,NONE,NONE
999537,11066793,5/14/2011 12:00:00 AM,UNK,ROBBERY,GUN,5/16/2011 2:02:24 PM,3900 B/O SOUTH CAPITOL ST,38.83236848668250,-77.00820375393480,WASHINGTON,DC,8,8C,8C07,SEVENTH,705,39,NONE,NONE,NONE,NONE
999538,11066831,5/14/2011 12:00:00 AM,UNK,THEFT F/AUTO,2,5/16/2011 2:02:24 PM,300 B/O PARKLAND PL SE,38.84467772734410,-76.99987256819370,WASHINGTON,DC,8,8C,8C03,SEVENTH,705,39,NONE,NONE,NONE,NONE
999539,11066843,5/14/2011 12:00:00 AM,UNK,THEFT,2,5/16/2011 2:02:24 PM,1600 B/O WEBSTER ST NW,38.94400157990170,-77.03762565315590,WASHINGTON,DC,4,4A,4A08,FOURTH,404,18,NONE,NONE,NONE,NONE
999549,11066852,5/14/2011 12:00:00 AM,UNK,STOLEN AUTO,STOLEN AUTO,5/16/2011 2:02:24 PM,1200 B/O STEVENS RD SE,38.85935536376330,-76.99988593588150,WASHINGTON,DC,8,8C,8C01,SEVENTH,703,37,NONE,NONE,NONE,NONE
999550,11066856,5/14/2011 12:00:00 AM,UNK,THEFT,2,5/16/2011 2:02:24 PM,2400 B/O M ST NW,38.9052581692,-77.05235194445250,WASHINGTON,DC,2,2A,2A02,SECOND,207,5,NONE,NONE,NONE,NONE
999552,11066808,5/14/2011 12:00:00 AM,UNK,THEFT F/AUTO,2,5/16/2011 2:02:24 PM,5000 B/O EAST CAPITOL ST,38.88976379566150,-76.92900984119990,WASHINGTON,DC,7,7E,7E05,SIXTH,604,33,NONE,NONE,NONE,NONE
999555,11066857,5/14/2011 12:00:00 AM,UNK,THEFT F/AUTO,2,5/16/2011 2:02:24 PM,900 B/O 45TH PL NE,38.902117618415,-76.93759063080240,WASHINGTON,DC,7,7C,7C04,SIXTH,602,31,NONE,NONE,NONE,NONE
999558,11066864,5/14/2011 12:00:00 AM,UNK,STOLEN AUTO,STOLEN AUTO,5/16/2011 2:02:24 PM,23RD ST NW & I ST NW,38.90069897359290,-77.05012835685380,WASHINGTON,DC,2,2A,2A06,SECOND,207,5,NONE,NONE,NONE,NONE
999569,11066457,5/14/2011 12:00:00 AM,UNK,BURGLARY,2,5/16/2011 2:02:24 PM,3800 B/O HALLEY TER SE,38.83368586132160,-77.00713436274720,WASHINGTON,DC,8,8C,8C07,SEVENTH,705,39,NONE,NONE,NONE,NONE
999576,11066884,5/14/2011 12:00:00 AM,UNK,STOLEN AUTO,STOLEN AUTO,5/16/2011 2:02:24 PM,100 B/O 11TH ST SE,38.888350389998,-76.991494735480,WASHINGTON,DC,6,6B,6B05,FIRST,106,26,NONE,NONE,NONE,NONE
999578,11066890,5/14/2011 12:00:00 AM,UNK,THEFT,2,5/16/2011 2:02:24 PM,2600 B/O NAYLOR RD SE,38.86252601314520,-76.96975322980910,WASHINGTON,DC,7,7B,7B02,SIXTH,606,35,NONE,NONE,NONE,NONE
999579,11066891,5/14/2011 12:00:00 AM,UNK,THEFT F/AUTO,2,5/16/2011 2:02:24 PM,1600 B/O 5TH ST NW,38.91186548665060,-77.01892206481650,WASHINGTON,DC,2,2C,2C02,THIRD,308,7,NONE,NONE,NONE,NONE
999592,11066915,5/14/2011 12:00:00 AM,UNK,THEFT F/AUTO,2,5/16/2011 2:02:24 PM,ADAMS MILL RD NW & CLYDESDALE PL NW,38.92515155636130,-77.044603319844,WASHINGTON,DC,1,1C,1C04,THIRD,303,1,NONE,NONE,NONE,NONE
999597,11066893,5/14/2011 12:00:00 AM,UNK,ADW,KNIFE,5/16/2011 2:02:24 PM,600 B/O DIVISION AVE NE,38.89776030370720,-76.92588576579130,WASHINGTON,DC,7,7C,7C01,SIXTH,602,31,NONE,NONE,NONE,NONE
999600,11066912,5/14/2011 12:00:00 AM,UNK,SEX ABUSE,CHILD 1ST,5/16/2011 2:02:24 PM,5200 B/O CONNECTICUT AVE NW,38.95808381460690,-77.07157458391120,WASHINGTON,DC,3,3G,3G07,SECOND,201,10,NONE,NONE,NONE,NONE
999603,11066862,5/14/2011 12:00:00 AM,UNK,THEFT F/AUTO,2,5/16/2011 2:02:24 PM,1200 B/O OTIS PL NW,38.93456614076510,-77.02919661549550,WASHINGTON,DC,1,1A,1A07,THIRD,302,2,NONE,NONE,NONE,NONE
999609,11066898,5/14/2011 12:00:00 AM,UNK,THEFT F/AUTO,2,5/16/2011 2:02:24 PM,200 B/O ANACOSTIA AVE NE,38.89287419417420,-76.96092657053690,WASHINGTON,DC,7,7D,7D04,SIXTH,603,32,NONE,NONE,NONE,NONE
999610,11066908,5/14/2011 12:00:00 AM,UNK,STOLEN AUTO,STOLEN AUTO,5/16/2011 2:02:24 PM,2500 B/O 14TH ST NW,38.92299691439170,-77.03206909059970,WASHINGTON,DC,1,1B,1B06,THIRD,304,2,NONE,NONE,14TH ST NW,NONE
999611,11066933,5/14/2011 12:00:00 AM,UNK,THEFT F/AUTO,2,5/16/2011 2:02:24 PM,1300 B/O OKIE ST NE,38.91421406604010,-76.98602972984980,WASHINGTON,DC,5,5B,5B09,FIFTH,504,23,NONE,NONE,NONE,NONE
999615,11066866,5/14/2011 12:00:00 AM,UNK,ROBBERY,GUN,5/16/2011 2:02:24 PM,2500 B/O 24TH ST NE,38.92284001597460,-76.97216419107230,WASHINGTON,DC,5,5B,5B02,FIFTH,505,22,NONE,NONE,NONE,NONE
999619,11066920,5/14/2011 12:00:00 AM,UNK,BURGLARY,2,5/16/2011 2:02:24 PM,2000 B/O BENNING RD NE,38.89861573665550,-76.97487479095290,WASHINGTON,DC,7,7D,7D01,FIRST,103,25,NONE,NONE,NONE,NONE
999620,11066948,5/14/2011 12:00:00 AM,UNK,STOLEN AUTO,STOLEN AUTO,5/16/2011 2:02:24 PM,FAIRMONT ST NW & GEORGIA AVE NW,38.925162014205,-77.02266435173180,WASHINGTON,DC,1,1B,1B10,THIRD,305,2,NONE,NONE,NONE,NONE
999623,11066919,5/14/2011 12:00:00 AM,UNK,THEFT,ATTEMPT,5/16/2011 2:02:24 PM,1400 B/O F ST NE,38.89730490653570,-76.98461044392140,WASHINGTON,DC,6,6A,6A06,FIRST,103,25,NONE,NONE,NONE,NONE
999628,11066880,5/14/2011 12:00:00 AM,UNK,ROBBERY,F&V,5/16/2011 2:02:24 PM,400 B/O MELLON ST SE,38.847830875456,-77.00089047807650,WASHINGTON,DC,8,8C,8C02,SEVENTH,705,39,NONE,NONE,NONE,NONE
999630,11066918,5/14/2011 12:00:00 AM,UNK,THEFT,2,5/16/2011 2:02:24 PM,700 B/O WEBSTER ST NW,38.94409666181340,-77.022587605780,WASHINGTON,DC,4,4C,4C07,FOURTH,404,18,NONE,NONE,NONE,NONE
999650,11066966,5/14/2011 12:00:00 AM,UNK,ROBBERY,PBS,5/16/2011 2:02:24 PM,400 B/O H ST NW,38.89979360940040,-77.01756783439640,WASHINGTON,DC,6,6C,6C09,FIRST,101,8,NONE,NONE,NONE,DOWNTOWN BID
999664,11066931,5/14/2011 12:00:00 AM,UNK,THEFT,2,5/16/2011 2:02:24 PM,1200 B/O DELAWARE AVE SW,38.87465263799370,-77.01443789419560,WASHINGTON,DC,6,6D,6D06,FIRST,104,9,NONE,NONE,NONE,NONE
999671,11066990,5/14/2011 12:00:00 AM,UNK,THEFT,2,5/16/2011 2:02:24 PM,700 B/O G ST NW,38.89845123643040,-77.02242364972970,WASHINGTON,DC,2,2C,2C03,FIRST,101,8,NONE,NONE,NONE,DOWNTOWN BID
999672,11067022,5/14/2011 12:00:00 AM,UNK,ROBBERY,ASSAULT W/INTENT,5/16/2011 2:02:24 PM,200 B/O 8TH ST SE,38.88681136900660,-76.99496527210280,WASHINGTON,DC,6,6B,6B05,FIRST,106,26,NONE,NONE,NONE,NONE
999674,11066987,5/14/2011 12:00:00 AM,UNK,THEFT,1,5/16/2011 2:02:24 PM,2600 B/O BOWEN RD SE,38.859444234461,-76.99145439775940,WASHINGTON,DC,8,8A,8A06,SEVENTH,703,37,NONE,NONE,NONE,NONE
999689,11067039,5/14/2011 12:00:00 AM,UNK,THEFT F/AUTO,2,5/16/2011 2:02:24 PM,4100 B/O 13TH ST NE,38.94006437519230,-76.98829987833630,WASHINGTON,DC,5,5A,5A08,FIFTH,502,20,NONE,NONE,NONE,NONE
999698,11066985,5/14/2011 12:00:00 AM,UNK,THEFT,2,5/16/2011 2:02:24 PM,2300 B/O SOUTH DAKOTA AVE NE,38.92159362727870,-76.95986166764560,WASHINGTON,DC,5,5B,5B09,FIFTH,503,24,NONE,NONE,NONE,NONE
999702,11067023,5/14/2011 12:00:00 AM,UNK,ADW,OTHER,5/16/2011 2:02:25 PM,1200 B/O STEVENS RD SE,38.85935536376330,-76.99988593588150,WASHINGTON,DC,8,8C,8C01,SEVENTH,703,37,NONE,NONE,NONE,NONE
999704,11067024,5/14/2011 12:00:00 AM,UNK,THEFT F/AUTO,2,5/16/2011 2:02:25 PM,1800 B/O 12TH ST NW,38.91483338385150,-77.02807987100950,WASHINGTON,DC,1,1B,1B02,THIRD,305,3,NONE,NONE,NONE,NONE
999706,11067051,5/14/2011 12:00:00 AM,UNK,THEFT F/AUTO,2,5/16/2011 2:02:25 PM,1800 B/O 11TH ST NW,38.91487897363710,-77.02706923200770,WASHINGTON,DC,1,1B,1B02,THIRD,305,3,NONE,NONE,NONE,NONE
999722,11067073,5/14/2011 12:00:00 AM,UNK,THEFT F/AUTO,2,5/16/2011 2:02:25 PM,,0,0,WASHINGTON,DC,2,2B,2B07,SECOND,208,6,NONE,NONE,NONE,NONE
999742,11067091,5/14/2011 12:00:00 AM,UNK,THEFT,2,5/16/2011 2:02:25 PM,3600 B/O NEWARK ST NW,38.93463827623480,-77.07169406695750,WASHINGTON,DC,3,3C,3C09,SECOND,204,15,NONE,NONE,NONE,NONE
999748,11067092,5/14/2011 12:00:00 AM,UNK,SEX ABUSE,CHILD 1ST,5/16/2011 2:02:25 PM,6100 B/O 31ST ST NW,38.97135274984650,-77.06184108707950,WASHINGTON,DC,4,3G,3G02,SECOND,201,10,NONE,NONE,NONE,NONE
999757,11067108,5/14/2011 12:00:00 AM,UNK,THEFT F/AUTO,2,5/16/2011 2:02:25 PM,3400 B/O A ST SE,38.88878574841980,-76.95678435489550,WASHINGTON,DC,7,7A,7A03,SIXTH,603,32,NONE,NONE,NONE,NONE
999759,11067114,5/14/2011 12:00:00 AM,UNK,ROBBERY,CAR JACKING - GUN,5/16/2011 2:02:25 PM,700 B/O 51ST ST SE,38.87899737042980,-76.92994829910120,WASHINGTON,DC,7,7E,7E03,SIXTH,604,33,NONE,NONE,NONE,NONE
999761,11067105,5/14/2011 12:00:00 AM,UNK,ROBBERY,KNIFE,5/16/2011 2:02:25 PM,2500 B/O POMEROY RD SE,38.85520200340390,-76.98945141107860,WASHINGTON,DC,8,8A,8A07,SEVENTH,703,37,NONE,NONE,ELVANS RD SE,NONE
999766,11067120,5/14/2011 12:00:00 AM,UNK,THEFT F/AUTO,2,5/16/2011 2:02:25 PM,1300 B/O OKIE ST NE,38.91421406604010,-76.98602972984980,WASHINGTON,DC,5,5B,5B09,FIFTH,504,23,NONE,NONE,NONE,NONE
999768,11067128,5/15/2011 12:00:00 AM,UNK,THEFT,2,5/16/2011 2:02:25 PM,1300 B/O RANDOLPH ST NW,38.93867816011180,-77.03121689984360,WASHINGTON,DC,4,4C,4C05,FOURTH,404,18,NONE,NONE,NONE,NONE
999773,11067126,5/14/2011 12:00:00 AM,UNK,ROBBERY,KNIFE,5/16/2011 2:02:25 PM,1300 B/O MONROE ST NW,38.93190099852170,-77.03108122710680,WASHINGTON,DC,1,1A,1A06,THIRD,302,2,NONE,NONE,NONE,NONE
999777,11067153,5/15/2011 12:00:00 AM,UNK,BURGLARY,2,5/16/2011 2:02:25 PM,4600 B/O GEORGIA AVE NW,38.94665653900410,-77.02670415199990,WASHINGTON,DC,4,4D,4D06,FOURTH,404,18,NONE,NONE,NONE,NONE
999778,11067151,5/15/2011 12:00:00 AM,UNK,ROBBERY,ATTEMPT,5/16/2011 2:02:25 PM,1200 B/O G ST NE,38.89890922570940,-76.98927209981150,WASHINGTON,DC,6,6A,6A02,FIRST,102,25,NONE,NONE,NONE,NONE
999780,11067150,5/15/2011 12:00:00 AM,UNK,ROBBERY,F&V,5/16/2011 2:02:25 PM,1200 B/O I ST NW,38.901328560116,-77.028849119840,WASHINGTON,DC,2,2F,2F03,FIRST,101,8,NONE,NONE,NONE,DOWNTOWN BID
999782,11067124,5/14/2011 12:00:00 AM,UNK,THEFT,2,5/16/2011 2:02:25 PM,200 B/O GALLOWAY ST NE,38.952601514740,-77.00199440700160,WASHINGTON,DC,5,5A,5A01,FOURTH,405,19,NONE,NONE,NONE,NONE
999817,11067210,5/15/2011 12:00:00 AM,UNK,THEFT F/AUTO,2,5/16/2011 2:02:25 PM,1600 B/O NEW YORK AVE NE,38.91718876671690,-76.98007123828040,WASHINGTON,DC,5,5B,5B09,FIFTH,505,22,NONE,NONE,NONE,NONE
999819,11067212,5/15/2011 12:00:00 AM,UNK,STOLEN AUTO,STOLEN AUTO,5/16/2011 2:02:25 PM,700 B/O G ST SE,38.88127095621710,-76.99557793752770,WASHINGTON,DC,6,6B,6B03,FIRST,106,26,NONE,NONE,NONE,CAPITOL HILL BID
999826,11067187,5/15/2011 12:00:00 AM,UNK,BURGLARY,2,5/16/2011 2:02:25 PM,1400 B/O NORTH CAPITOL ST,38.90914074406370,-77.00905194411890,WASHINGTON,DC,5,5C,5C02,FIFTH,501,21,NORTH CAPITOL ST,NORTH CAPITOL ST,NORTH CAPITOL ST,NONE
999827,11067215,5/15/2011 12:00:00 AM,UNK,THEFT F/AUTO,2,5/16/2011 2:02:25 PM,22ND ST NE & DOUGLAS ST NE,38.92343770671780,-76.97417470279870,WASHINGTON,DC,5,5B,5B02,FIFTH,505,22,NONE,NONE,NONE,NONE
999828,11067229,5/15/2011 12:00:00 AM,UNK,THEFT F/AUTO,2,5/16/2011 2:02:25 PM,1000 B/O I ST NE,38.90132143811990,-76.99208538873680,WASHINGTON,DC,6,6A,6A01,FIRST,102,25,NONE,NONE,NONE,NONE
999835,11067234,5/15/2011 12:00:00 AM,UNK,THEFT F/AUTO,2,5/16/2011 2:02:25 PM,1300 B/O GALLAUDET ST NE,38.91287348080460,-76.98748504092710,WASHINGTON,DC,5,5B,5B05,FIFTH,504,23,NONE,NONE,NONE,NONE
999842,11067146,5/15/2011 12:00:00 AM,UNK,THEFT,2,5/16/2011 2:02:25 PM,1600 B/O EAST CAPITOL ST,38.88980048981550,-76.98153678047690,WASHINGTON,DC,6,6A,6A08,FIRST,103,26,NONE,NONE,NONE,NONE
999884,11067256,5/15/2011 12:00:00 AM,UNK,THEFT F/AUTO,2,5/16/2011 2:02:25 PM,2700 B/O NEW YORK AVE NE,38.91731550267510,-76.96844313402630,WASHINGTON,DC,5,5B,5B09,FIFTH,503,24,NONE,NONE,NONE,NONE
999898,11067248,5/15/2011 12:00:00 AM,UNK,THEFT F/AUTO,2,5/16/2011 2:02:25 PM,1700 B/O CONNECTICUT AVE NW,38.91334500776650,-77.04558884343210,WASHINGTON,DC,2,2B,2B01,SECOND,208,6,NONE,NONE,NONE,NONE
999902,11067133,5/14/2011 12:00:00 AM,UNK,THEFT F/AUTO,2,5/16/2011 2:02:25 PM,2100 B/O GEORGIA AVE NW,38.91839150464240,-77.02189883719750,WASHINGTON,DC,1,1B,1B11,THIRD,305,3,NONE,NONE,NONE,NONE
999903,11067255,5/15/2011 12:00:00 AM,UNK,ADW,OTHER,5/16/2011 2:02:25 PM,1100 B/O CONNECTICUT AVE NW,38.904666811975,-77.04056806031250,WASHINGTON,DC,2,2B,2B06,SECOND,208,6,NONE,NONE,NONE,GOLDEN TRIANGLE BID
999904,11067265,5/15/2011 12:00:00 AM,UNK,ADW,OTHER,5/16/2011 2:02:25 PM,,0,0,,,NONE,NONE,NONE,NONE,NONE,NONE,NONE,NONE,NONE,NONE
999909,11067257,5/15/2011 12:00:00 AM,UNK,STOLEN AUTO,STOLEN AUTO,5/16/2011 2:02:25 PM,2900 B/O RITTENHOUSE ST NW,38.96976368758780,-77.060946119580,WASHINGTON,DC,4,3G,3G02,SECOND,201,10,NONE,NONE,NONE,NONE
999918,11067284,5/15/2011 12:00:00 AM,UNK,THEFT F/AUTO,2,5/16/2011 2:02:25 PM,8TH ST NE & F ST NE,38.897333197153,-76.994965134719,WASHINGTON,DC,6,6C,6C06,FIRST,102,25,NONE,NONE,NONE,NONE
999919,11067278,5/15/2011 12:00:00 AM,UNK,THEFT F/AUTO,2,5/16/2011 2:02:25 PM,2700 B/O FAIRLAWN AVE SE,38.87581046173350,-76.968803759986,WASHINGTON,DC,7,7A,7A07,SIXTH,605,34,NONE,NONE,NONE,NONE
999921,11067283,5/15/2011 12:00:00 AM,UNK,BURGLARY,1,5/16/2011 2:02:25 PM,UNIT B/O FARRAGUT PL NW,38.95166454195310,-77.009804984515,WASHINGTON,DC,4,4D,4D05,FOURTH,403,19,NONE,NONE,NONE,NONE
999923,11067288,5/15/2011 12:00:00 AM,UNK,THEFT F/AUTO,1,5/16/2011 2:02:25 PM,4200 B/O ARGYLE TER NW,38.94226108759340,-77.04348705196080,WASHINGTON,DC,4,4A,4A08,FOURTH,404,18,NONE,NONE,NONE,NONE
999925,11067280,5/15/2011 12:00:00 AM,UNK,STOLEN AUTO,STOLEN AUTO,5/16/2011 2:02:25 PM,4900 B/O BLAINE ST NE,38.89187983594240,-76.93136664040530,WASHINGTON,DC,7,7C,7C03,SIXTH,602,33,NONE,NONE,NONE,NONE
999927,11067296,5/15/2011 12:00:00 AM,UNK,THEFT F/AUTO,2,5/16/2011 2:02:25 PM,1300 B/O 31ST PL SE,38.87421181399820,-76.96232903571080,WASHINGTON,DC,7,7B,7B04,SIXTH,605,34,NONE,NONE,NONE,NONE
999932,11067310,5/15/2011 12:00:00 AM,UNK,THEFT F/AUTO,2,5/16/2011 2:02:25 PM,4200 B/O MEADE ST NE,38.90564043451920,-76.94193250863630,WASHINGTON,DC,7,7D,7D02,SIXTH,601,29,NONE,NONE,NONE,NONE
999936,11067314,5/15/2011 12:00:00 AM,UNK,THEFT,2,5/16/2011 2:02:25 PM,2400 B/O 18TH ST NW,38.921706336463,-77.04239169055730,WASHINGTON,DC,1,1C,1C07,THIRD,303,1,NONE,NONE,NONE,ADAMS MORGAN BID
999938,11067309,5/15/2011 12:00:00 AM,UNK,STOLEN AUTO,STOLEN AUTO,5/16/2011 2:02:25 PM,7500 B/O 9TH ST NW,38.98208359715230,-77.02540927563020,WASHINGTON,DC,4,4B,4B01,FOURTH,401,17,NONE,NONE,NONE,NONE
999939,11067286,5/15/2011 12:00:00 AM,UNK,THEFT,ATTEMPT,5/16/2011 2:02:25 PM,1700 B/O 7TH ST NW,38.913348749556,-77.021914872626,WASHINGTON,DC,2,2C,2C01,THIRD,308,7,NONE,NONE,NONE,NONE
999946,11067322,5/15/2011 12:00:00 AM,UNK,THEFT F/AUTO,2,5/16/2011 2:02:25 PM,500 B/O 24TH ST NE,38.897131401846,-76.97245737242320,WASHINGTON,DC,7,7D,7D01,FIRST,103,25,NONE,NONE,NONE,NONE
999951,11067334,5/15/2011 12:00:00 AM,UNK,THEFT,2,5/16/2011 2:02:25 PM,600 B/O HAMLIN ST NE,38.92737390571920,-76.996724736383,WASHINGTON,DC,5,5C,5C09,FIFTH,501,21,NONE,NONE,NONE,NONE
999957,11067323,5/15/2011 12:00:00 AM,UNK,BURGLARY,1 ARMED,5/16/2011 2:02:25 PM,UNIT B/O FARRAGUT PL NW,38.95166454195310,-77.009804984515,WASHINGTON,DC,4,4D,4D05,FOURTH,403,19,NONE,NONE,NONE,NONE
999958,11067324,5/15/2011 12:00:00 AM,UNK,STOLEN AUTO,STOLEN AUTO,5/16/2011 2:02:25 PM,3300 B/O 22ND ST SE,38.84963241024310,-76.974165115676,WASHINGTON,DC,8,8B,8B05,SEVENTH,704,38,NONE,NONE,NONE,NONE
999965,11067340,5/15/2011 12:00:00 AM,UNK,THEFT,2,5/16/2011 2:02:25 PM,700 B/O 12TH ST NW,38.89906342645950,-77.02808158899190,WASHINGTON,DC,2,2C,2C03,FIRST,101,8,NONE,NONE,NONE,DOWNTOWN BID
999967,11067342,5/15/2011 12:00:00 AM,UNK,THEFT,TAGS,5/16/2011 2:02:25 PM,5700 B/O EASTERN AVE NE,38.95869769367860,-76.99349382636980,WASHINGTON,DC,4,4B,4B09,FOURTH,402,19,NONE,NONE,NONE,NONE
999968,11067351,5/15/2011 12:00:00 AM,UNK,STOLEN AUTO,STOLEN AUTO,5/16/2011 2:02:25 PM,2800 B/O RITTENHOUSE ST NW,38.969762199640,-77.05918454448440,WASHINGTON,DC,4,3G,3G02,SECOND,201,10,NONE,NONE,NONE,NONE
999976,11067353,5/15/2011 12:00:00 AM,UNK,THEFT F/AUTO,2,5/16/2011 2:02:25 PM,1600 B/O R ST NW,38.91260417550820,-77.037542430347,WASHINGTON,DC,2,2B,2B04,SECOND,208,6,NONE,NONE,NONE,NONE
999978,11067360,5/15/2011 12:00:00 AM,UNK,THEFT F/AUTO,1,5/16/2011 2:02:25 PM,500 B/O RHODE ISLAND AVE NE,38.92093339147250,-76.99715674558890,WASHINGTON,DC,5,5C,5C08,FIFTH,501,21,NONE,NONE,NONE,NONE
999984,11067365,5/15/2011 12:00:00 AM,UNK,BURGLARY,2,5/16/2011 2:02:25 PM,1500 B/O 25TH ST SE,38.87113311865920,-76.97093765775590,WASHINGTON,DC,8,8A,8A01,SIXTH,607,34,NONE,NONE,NONE,NONE
999985,11067375,5/15/2011 12:00:00 AM,UNK,THEFT,2,5/16/2011 2:02:25 PM,1300 B/O M ST NW,38.905647772064,-77.030556814192,WASHINGTON,DC,2,2F,2F03,THIRD,307,7,NONE,NONE,NONE,NONE
999987,11067370,5/15/2011 12:00:00 AM,UNK,THEFT F/AUTO,2,5/16/2011 2:02:25 PM,3400 B/O MARTIN LUTHER KING JR AVE SE,38.84085377365690,-77.00390481975740,WASHINGTON,DC,8,8C,8C04,SEVENTH,705,39,NONE,NONE,NONE,NONE
999991,11067366,5/15/2011 12:00:00 AM,UNK,THEFT F/AUTO,2,5/16/2011 2:02:25 PM,300 B/O 55TH ST NE,38.89355775266260,-76.92198494744220,WASHINGTON,DC,7,7C,7C02,SIXTH,602,31,NONE,NONE,NONE,NONE
999999,11067384,5/15/2011 12:00:00 AM,UNK,STOLEN AUTO,STOLEN AUTO,5/16/2011 2:02:25 PM,3800 B/O JAY ST NE,38.90182115998120,-76.94540684581020,WASHINGTON,DC,7,7D,7D02,SIXTH,601,30,NONE,NONE,NONE,NONE
